REF,Photo,1,Code,REFERENCE VISULS BIS,Nom article,Désignation,Matières,Durée de garantie,poids brut des colis (kg),EAN AVEC LES PACK,PRIX VENTE PUBLIC CONSEILLE(€ - TTC) eshop,ean colis 1,ean colis2,ean colis 3,Dimension Matelas  ,NB RESSORTS,INDICE DE FERMETE,descriptif produit,Nbre de colis,Poids net du produit (kg),poids brut des colis (kg),Dimension du produit en cm,Dimension des colis,Longueur Colis 1,Largeur colis 1,Hauteur colis 1,Longueur Colis 2,Largeur colis 2,Hauteur colis 2,Longueur Colis 3,Largeur colis 3,Hauteur colis 3,Poids colis 1,Poids colis 2,Poids colis 3,QUANTITES EN STOCK,PRIX VENTE PUBLIC CONSEILLE(€ - TTC) eshop,ecopart non incluse,prix avec ecopart,coût transport drop HT,Code
2075,,,Matelas   Le Cheverny 80 X 200,Matelas   compressé roulé,Le Cheverny,Matelas  ,,5,11,, 549.00 € ,3760260155727,,,80 X 200,PAS DE RESSORTS,4/5,"Matelas   polyurethane
+2CM MM HT 22 cm POLYURETHANE DENSITE 28KG+2CM MEMORY",1,10,11,80*200*22,"85*35*35
",85,35,35,,,,,,,10,,,6, 549.00 € ,4.57,#REF!,29.90,Matelas   Le Cheverny 80 X 200
2076,,,Matelas   Le Cheverny 90 X 190,Matelas   compressé roulé,Le Cheverny,Matelas  ,,5,11,, 579.00 € ,3760260155710,,,90 X 190,PAS DE RESSORTS,4/5,"Matelas   polyurethane
+2CM MM HT 22 cm POLYURETHANE DENSITE 28KG+2CM MEMORY",1,10,11,90*190*22,95*35*35,95,35,35,,,,,,,10,,,6, 579.00 € ,4.57,#REF!,29.90,Matelas   Le Cheverny 90 X 190
2077,,,Matelas   Le Cheverny 90 X 200,Matelas   compressé roulé,Le Cheverny,Matelas  ,,5,11,, 619.00 € ,3760260155703,,,90 X 200,PAS DE RESSORTS,4/5,"Matelas   polyurethane
+2CM MM HT 22 cm POLYURETHANE DENSITE 28KG+2CM MEMORY",1,10,11,90*200*22,95*35*35,95,35,35,,,,,,,10,,,6, 619.00 € ,4.57,#REF!,29.90,Matelas   Le Cheverny 90 X 200
2078,,,Matelas   Le Cheverny 140 X 190,Matelas   compressé roulé,Le Cheverny,Matelas  ,,5,18,, 899.00 € ,3760260155697,,,140 X 190,PAS DE RESSORTS,4/5,"Matelas   polyurethane
+2CM MM HT 22 cm POLYURETHANE DENSITE 28KG+2CM MEMORY",1,17,18,"140*190*
22",145*35*35,145,35,35,,,,,,,17,,,6, 899.00 € ,9.17,#REF!,33.25,Matelas   Le Cheverny 140 X 190
2079,,,Matelas   Le Cheverny 140 X 200,Matelas   compressé roulé,Le Cheverny,Matelas  ,,5,18,, 949.00 € ,3760260155680,,,140 X 200,PAS DE RESSORTS,4/5,"Matelas   polyurethane
+2CM MM HT 22 cm POLYURETHANE DENSITE 28KG+2CM MEMORY",1,17,18,"140*200*
22",145*35*35,145,35,35,,,,,,,17,,,5, 949.00 € ,9.17,#REF!,33.25,Matelas   Le Cheverny 140 X 200
2080,,,Matelas   Le Cheverny 160 X 200,Matelas   compressé roulé,Le Cheverny,Matelas  ,,5,19,," 1,099.00 € ",3760260155673,,,160 X 200,PAS DE RESSORTS,4/5,"Matelas   polyurethane
+2CM MM HT 22 cm POLYURETHANE DENSITE 28KG+2CM MEMORY",1,20,19,"160*200*
22",165*35*35,165,35,35,,,,,,,20,,,5," 1,099.00 € ",12.50,#REF!,33.25,Matelas   Le Cheverny 160 X 200
2081,,,Matelas   Le Cheverny 180 X 200,Matelas   compressé roulé,Le Cheverny,Matelas  ,,5,24,," 1,239.00 € ",3760260155666,,,180 X 200,PAS DE RESSORTS,4/5,"Matelas   polyurethane
+2CM MM HT 22 cm POLYURETHANE DENSITE 28KG+2CM MEMORY",1,23,24,"180*200*
22",185*35*35,185,35,35,,,,,,,23,,,4," 1,239.00 € ",12.50,#REF!,33.25,Matelas   Le Cheverny 180 X 200
2082,,,Matelas   Le Cheverny 200 X 200,Matelas   compressé roulé,Le Cheverny,Matelas  ,,5,27,," 1,369.00 € ",3760260155659,,,200 X 200,PAS DE RESSORTS,4/5,"Matelas   polyurethane
+2CM MM HT 22 cm POLYURETHANE DENSITE 28KG+2CM MEMORY",1,24,27,"200*200*
22",205*35*35,205,35,35,,,,,,,24,,,4," 1,369.00 € ",12.50,#REF!,33.25,Matelas   Le Cheverny 200 X 200
2083,,,Ensemble Le Cheverny 80 X 200,Matelas   compressé roulé,Le Cheverny,ENSEMBLE,,5,31,, 938.00 € ,3760260155727,3760260150142.00,,80 X 200,PAS DE RESSORTS,4/5,Sommier + Matelas  ,2,30,31,"80*200*2
2 /
80*200*1
5",85**35*35/ 85*200*20,85,35,35,200,80,15,,,,10,20,,6, 938.00 € ,8.40,#REF!,59.90,Ensemble Le Cheverny 80 X 200
2084,,,Ensemble Le Cheverny 90 X 190,Matelas   compressé roulé,Le Cheverny,ENSEMBLE,,5,11,, 978.00 € ,3760260155710,3760260150135,,90 X 190,PAS DE RESSORTS,4/5,Sommier + Matelas  ,1,10,11,"90*190*2
2",95*35*35 95*195*20,95,35,35,190,90,15,,,,10,,,6, 978.00 € ,8.40,#REF!,59.90,Ensemble Le Cheverny 90 X 190
2085,,,Ensemble Le Cheverny 90 X 200,Matelas   compressé roulé,Le Cheverny,ENSEMBLE,,5,11,," 1,038.00 € ",3760260155703,3760260150128,,90 X 200,PAS DE RESSORTS,4/5,Sommier + Matelas  ,1,10,11,"90*200*2
2",95*35*35 95*205*20,95,35,35,200,90,15,,,,10,,,6," 1,038.00 € ",8.40,#REF!,59.90,Ensemble Le Cheverny 90 X 200
2086,,,Ensemble Le Cheverny 140 X 190,Matelas   compressé roulé,Le Cheverny,ENSEMBLE,,5,45,," 1,448.00 € ",3760260155697,3760260150104,,140 X 190,PAS DE RESSORTS,4/5,Sommier + Matelas  ,2,44,45,"140*190*
22 /
140*190*
15",145*35*35 145*195*20,145,35,35,190,140,15,,,,17,27,,4," 1,448.00 € ",15.08,#REF!,69.90,Ensemble Le Cheverny 140 X 190
2087,,,Ensemble Le Cheverny 140 X 200,Matelas   compressé roulé,Le Cheverny,ENSEMBLE,,5,46,," 1,518.00 € ",3760260155680,3760260150098,,140 X 200,PAS DE RESSORTS,4/5,Sommier + Matelas  ,2,45,46,"140*200*
22 /
140*200*
15",145*35*35 /145*205*20,145,35,35,200,140,15,,,,17,28,,4," 1,518.00 € ",15.08,#REF!,69.90,Ensemble Le Cheverny 140 X 200
2088,,,Ensemble Le Cheverny 160X 200,Matelas   compressé roulé,Le Cheverny,ENSEMBLE,,5,56,," 1,748.00 € ",3760260155673,3760260150081,,160X 200,PAS DE RESSORTS,4/5,Sommier + Matelas  ,2,55,56,"160*200*
22/ (160*200* 15)",165**35*35 /165*205*20,165,35,35,200,160,15,,,,20,31,,4," 1,748.00 € ",20.08,#REF!,69.90,Ensemble Le Cheverny 160X 200
2089,,,Ensemble Le Cheverny (2x80)X 200,Matelas   compressé roulé,Le Cheverny,ENSEMBLE,,5,61,," 1,877.00 € ",3760260155673,3760260150142,3760260150142,(2x80)X 200,PAS DE RESSORTS,4/5,double Sommier + Matelas  ,3,60,61,"160*200*
22/
2*(80*200
*15)",165*35*35 /85*205*20/   85*205*20,165,35,35,200,80,15,200,80,15,20,16,16,4," 1,877.00 € ",21.16,#REF!,69.90,Ensemble Le Cheverny (2x80)X 200
2090,,,Ensemble Le Cheverny (2X90) X 200,Matelas   compressé roulé,Le Cheverny,ENSEMBLE,,5,65,," 2,077.00 € ",3760260155666,3760260150128,3760260150128,(2X90) X 200,PAS DE RESSORTS,4/5,double Sommier + Matelas  ,3,64,65,"180*200*
22 /
2*(90*200*15)",185**35*35 /95*205*20/   95*205*20,185,35,35,200,90,15,200,90,15,22,17,17,4," 2,077.00 € ",21.16,#REF!,69.90,Ensemble Le Cheverny (2X90) X 200
2091,,,Ensemble Le Cheverny (2X100) X 200,Matelas   compressé roulé,Le Cheverny,ENSEMBLE,,5,71,," 2,258.00 € ",3760260155659,3760260150111,3760260150111,(2X100) X 200,PAS DE RESSORTS,4/5,double Sommier + Matelas  ,3,70,71,"200*200*
22 /
2*(100*20
0*15)",205**35*35/ 105*205*20/  105*205*20,205,35,35,200,100,15,200,100,15,26,19.5,19.5,4," 2,268.00 € ",21.16,#REF!,69.90,Ensemble Le Cheverny (2X100) X 200
2490,,,Matelas   Villandry  80 X 200,Matelas   compressé roulé,Le Villandry,Matelas  ,,5,13,, 639.00 € ,3760260155642,,,80 X 200,378,4/5,Ressorts ensachés + mousse à mémoire de forme,1,12,13,80*200*24,"85*35*35
",85,35,35,,,,,,,12,,,4, 639.00 € ,4.57,#REF!,29.90,Matelas   Villandry 80 X 200
2491,,,Matelas   Villandry 90 X 190,Matelas   compressé roulé,Le Villandry,Matelas  ,,5,14,, 689.00 € ,3760260155635,,,90 X 190,409,4/5,Ressorts ensachés + mousse à mémoire de forme,1,13,14,"90*190*2
4",95*35*35,95,35,35,,,,,,,13,,,4, 689.00 € ,4.57,#REF!,29.90,Matelas   Villandry 90 X 190
2492,,,Matelas   Villandry 90 X 200,Matelas   compressé roulé,Le Villandry,Matelas  ,,5,15,, 729.00 € ,3760260155628,,,90 X 200,426,4/5,Ressorts ensachés + mousse à mémoire de forme,1,14,15,"90*200*2
4",95*35*35,95,35,35,,,,,,,14,,,4, 729.00 € ,4.57,#REF!,29.90,Matelas   Villandry 90 X 200
2493,,,Matelas   Villandry 140 X 190,Matelas   compressé roulé,Le Villandry,Matelas  ,,5,20,," 1,079.00 € ",3760260155611,,,140 X 190,630,4/5,Ressorts ensachés + mousse à mémoire de forme,1,19,20,"140*190*
24",145*35*35,145,35,35,,,,,,,19,,,4," 1,079.00 € ",9.17,#REF!,33.25,Matelas   Villandry 140 X 190
2494,,,Matelas   Villandry 140 X 200,Matelas   compressé roulé,Le Villandry,Matelas  ,,5,21,," 1,129.00 € ",3760260155604,,,140 X 200,663,4/5,Ressorts ensachés + mousse à mémoire de forme,1,20,21,"140*200*
24",145*35*35,145,35,35,,,,,,,19,,,4," 1,129.00 € ",9.17,#REF!,33.25,Matelas   Villandry 140 X 200
2495,,,Matelas   Villandry 160X 200,Matelas   compressé roulé,Le Villandry,Matelas  ,,5,23,," 1,289.00 € ",3760260155598,,,160X 200,757,4/5,Ressorts ensachés + mousse à mémoire de forme,1,22,23,"160*200*
24",165*35*35,165,35,35,,,,,,,22,,,6," 1,289.00 € ",12.50,#REF!,33.25,Matelas   Villandry 160X 200
2496,,,Matelas   Villandry 180X 200,Matelas   compressé roulé,Le Villandry,Matelas  ,,5,24,," 1,459.00 € ",3760260155581,,,180X 200,850,4/5,Ressorts ensachés + mousse à mémoire de forme,1,26,24,"180*200*
24",185*35*35,185,35,35,,,,,,,26,,,6," 1,459.00 € ",12.50,#REF!,33.25,Matelas   Villandry 180X 200
2497,,,Matelas   Villandry 200X 200,Matelas   compressé roulé,Le Villandry,Matelas  ,,5,30,," 1,599.00 € ",3760260155574,,,200X 200,945,4/5,Ressorts ensachés + mousse à mémoire de forme,1,29,30,"200*200*
24",205*35*35,205,35,35,,,,,,,29,,,6," 1,599.00 € ",12.50,#REF!,33.25,Matelas   Villandry 200X 200
2498,,,Ensemble Villandry 80 X 200,Matelas   compressé roulé,Le Villandry,ENSEMBLE,,5,33,," 1,028.00 € ",3760260155642,3760260150142.00,,80 X 200,343,4/5,Sommier + Matelas  ,2,32,33,"80*200*2
4 /
80*200*1
5",85**35*35/ 85*200*20,85,35,35,200,80,15,,,,12,20,,4," 1,028.00 € ",8.40,#REF!,59.90,Ensemble Villandry 80 X 200
2499,,,Ensemble Villandry 90 X 190,Matelas   compressé roulé,Le Villandry,ENSEMBLE,,5,35,," 1,088.00 € ",3760260155635,3760260150135,,90 X 190,463,4/5,Sommier + Matelas  ,2,34,35,"90*190*2
4 /
90*190*1
5",95*35*35 95*195*20,95,35,35,190,90,15,,,,13,21,,4," 1,088.00 € ",8.40,#REF!,59.90,Ensemble Villandry 90 X 190
2700,,,Ensemble Villandry 90 X 200,Matelas   compressé roulé,Le Villandry,ENSEMBLE,,5,37,," 1,148.00 € ",3760260155628,3760260150128,,90 X 200,487,4/5,Sommier + Matelas  ,2,36,37,"90*200*2
4 /
90*200*1
5",95*35*35 95*205*20,95,35,35,200,90,15,,,,14,22,,4," 1,148.00 € ",8.40,#REF!,59.90,Ensemble Villandry 90 X 200
2701,,,Ensemble Villandry 140 X 190,Matelas   compressé roulé,Le Villandry,ENSEMBLE,,5,37,," 1,628.00 € ",3760260155611,3760260150104,,140 X 190,720,4/5,Sommier + Matelas  ,2,36,37,"140*190*
24 /
140*190*
15",145*35*35 145*195*20,145,35,35,190,140,15,,,,19,27,,4," 1,628.00 € ",15.08,#REF!,69.90,Ensemble Villandry 140 X 190
2702,,,Ensemble Villandry 140 X 200,Matelas   compressé roulé,Le Villandry,ENSEMBLE,,5,38,," 1,698.00 € ",3760260155604,3760260150098,,140 X 200,757,4/5,Sommier + Matelas  ,2,37,38,"140*200*
24/
140*200*
15",145*35*35 /145*205*20,145,35,35,200,140,15,,,,19,28,,4," 1,698.00 € ",15.08,#REF!,69.90,Ensemble Villandry 140 X 200
2703,,,Ensemble Villandry 160X 200,Matelas   compressé roulé,Le Villandry,ENSEMBLE,,5,58,," 1,938.00 € ",3760260155598,3760260150081,,160X 200,866,4/5,Sommier + Matelas  ,2,57,58,"160*200*
24/
160*200*
15",165**35*35 /165*205*20,165,35,35,200,160,15,,,,19,31,,4," 1,938.00 € ",20.08,#REF!,69.90,Ensemble Villandry 160X 200
2704,,,Ensemble Villandry (2x80)X 200,Matelas   compressé roulé,Le Villandry,ENSEMBLE,,5,63,," 2,067.00 € ",3760260155598,3760260150142,3760260150142,(2x80)X 200,866,4/5,double Sommier + Matelas  ,3,62,63,"160*200*
24/
2*(80*200
*15)",165*35*35 /85*205*20/   85*205*20,165,35,35,200,80,15,200,80,15,22,16,16,12," 2,067.00 € ",21.16,#REF!,69.90,Ensemble Villandry (2x80)X 200
2705,,,Ensemble Villandry (2X90) 180 X 200,Matelas   compressé roulé,Le Villandry,ENSEMBLE,,5,68,," 2,437.00 € ",3760260155581,3760260150128,3760260150128,(2X90)180 X 200,1080,4/5,double Sommier + Matelas  ,3,67,68,"180*200*
24 /
2*(90*200
*15)",185**35*35 /95*205*20/   95*205*20,185,35,35,200,90,15,200,90,15,26,17.5,17.5,6," 2,297.00 € ",21.16,#REF!,69.90,Ensemble Villandry (2X90) 180 X 200
2706,,,Ensemble Villandry (2X100) X 200,Matelas   compressé roulé,Le Villandry,ENSEMBLE,,5,73,," 2,178.00 € ",3760260155574,3760260150111,3760260150111,(2X100) X 200,1200,4/5,double Sommier + Matelas  ,3,72,73,"200*200*
24 /
2*(100*20
0*15)",205**35*35/ 105*205*20/  105*205*20,205,35,35,200,100,15,200,100,15,27,19.5,19.5,6," 2,488.00 € ",21.16,#REF!,69.90,Ensemble Villandry (2X100) X 200
2160,,,Matelas  Chambourcy 80 X 200,Matelas   compressé roulé,Chambourcy,Matelas  ,,5,,, 729.00 € ,3760260155567,,,80 X 200,PAS DE RESSORTS,4/5,,1,,,"80*200*2
6","85*35*35
",85,35,35,,,,,,,13,,,, 729.00 € ,4.57,#REF!,29.90,Matelas  Chambourcy 80 X 200
2161,,,Matelas  Chambourcy 90 X 190,Matelas   compressé roulé,Chambourcy,Matelas  ,,5,,, 779.00 € ,3760260155550,,,90 X 190,PAS DE RESSORTS,4/5,,1,,,"90*190*2
6",95*35*35,95,35,35,,,,,,,15,,,, 779.00 € ,4.57,#REF!,29.90,Matelas  Chambourcy 90 X 190
2162,,,Matelas  Chambourcy 90 X 200,Matelas   compressé roulé,Chambourcy,Matelas  ,,5,,, 819.00 € ,3760260155543,,,90 X 200,PAS DE RESSORTS,4/5,,1,,,"90*200*2
6",95*35*35,95,35,35,,,,,,,15,,,, 819.00 € ,4.57,#REF!,29.90,Matelas  Chambourcy 90 X 200
2163,,,Matelas  Chambourcy 140 X 190,Matelas   compressé roulé,Chambourcy,Matelas  ,,5,,," 1,199.00 € ",3760260155536,,,140 X 190,PAS DE RESSORTS,4/5,,1,,,"140*190*
24",145*35*35,145,35,35,,,,,,,21,,,," 1,199.00 € ",9.17,#REF!,33.25,Matelas  Chambourcy 140 X 190
2164,,,Matelas  Chambourcy 140 X 200,Matelas   compressé roulé,Chambourcy,Matelas  ,,5,,," 1,249.00 € ",3760260155529,,,140 X 200,PAS DE RESSORTS,4/5,,1,,,"140*200*
24",145*35*35,145,35,35,,,,,,,21,,,," 1,249.00 € ",9.17,#REF!,33.25,Matelas  Chambourcy 140 X 200
2165,,,Matelas  Chambourcy 160 X 200,Matelas   compressé roulé,Chambourcy,Matelas  ,,5,,," 1,449.00 € ",3760260155512,,,160X 200,PAS DE RESSORTS,4/5,,1,,,"160*200*
24",165*35*35,165,35,35,,,,,,,23,,,," 1,449.00 € ",12.50,#REF!,33.25,Matelas  Chambourcy 160 X 200
2166,,,Matelas  Chambourcy 180 X 200,Matelas   compressé roulé,Chambourcy,Matelas  ,,5,,," 1,629.00 € ",3760260155505,,,180X 200,PAS DE RESSORTS,4/5,,1,,,"180*200*
24",185*35*35,185,35,35,,,,,,,26,,,," 1,629.00 € ",12.50,#REF!,33.25,Matelas  Chambourcy 180 X 200
2167,,,Matelas  Chambourcy 200 X 200,Matelas   compressé roulé,Chambourcy,Matelas  ,,5,,," 1,819.00 € ",3760260155499,,,200X 200,PAS DE RESSORTS,4/5,,1,,,"200*200*
24",205*35*35,205,35,35,,,,,,,28,,,," 1,819.00 € ",12.50,#REF!,33.25,Matelas  Chambourcy 200 X 200
2168,,,Ensemble Chambourcy 80 X 200,Matelas   compressé roulé,Chambourcy,ENSEMBLE,,5,,," 1,118.00 € ",3760260155567," 3,760,260,151,934    ",,80 X 200,PAS DE RESSORTS,4/5,,2,,,"80*200*2
6 /
80*200*1
5",85**35*35/ 85*200*20,85,35,35,200,80,15,,,,13,20,,," 1,118.00 € ",8.40,#REF!,59.90,Ensemble Chambourcy 80 X 200
2169,,,Ensemble Chambourcy 90 X 190,Matelas   compressé roulé,Chambourcy,ENSEMBLE,,5,,," 1,178.00 € ",3760260155550," 3,760,260,151,941    ",,90 X 190,PAS DE RESSORTS,4/5,,2,,,"90*190*2
6 /
90*190*1
5",95*35*35 95*195*20,95,35,35,190,90,15,,,,15,21,,," 1,178.00 € ",8.40,#REF!,59.90,Ensemble Chambourcy 90 X 190
2170,,,Ensemble Chambourcy 90 X 200,Matelas   compressé roulé,Chambourcy,ENSEMBLE,,5,,," 1,238.00 € ",3760260155543," 3,760,260,151,958    ",,90 X 200,PAS DE RESSORTS,4/5,,2,,,"90*200*2
6 /
90*200*1
5",95*35*35 95*205*20,95,35,35,200,90,15,,,,15,22,,," 1,238.00 € ",8.40,#REF!,59.90,Ensemble Chambourcy 90 X 200
2171,,,Ensemble Chambourcy 140 X 190,Matelas   compressé roulé,Chambourcy,ENSEMBLE,,5,,," 1,748.00 € ",3760260155536," 3,760,260,151,965    ",,140 X 190,PAS DE RESSORTS,4/5,,2,,,"140*190*
24 /
140*190*
15",145*35*35 145*195*20,145,35,35,190,140,15,,,,21,27,,," 1,748.00 € ",15.08,#REF!,69.90,Ensemble Chambourcy 140 X 190
2172,,,Ensemble Chambourcy 140 X 200,Matelas   compressé roulé,Chambourcy,ENSEMBLE,,5,,," 1,818.00 € ",3760260155529," 3,760,260,151,972    ",,140 X 200,PAS DE RESSORTS,4/5,,2,,,"140*200*
24/
140*200*
15",145*35*35 /145*205*20,145,35,35,200,140,15,,,,21,28,,," 1,838.00 € ",15.08,#REF!,69.90,Ensemble Chambourcy 140 X 200
2173,,,Ensemble Chambourcy 160 X 200,Matelas   compressé roulé,Chambourcy,ENSEMBLE,,5,,," 2,098.00 € ",3760260155512," 3,760,260,151,989    ",,160X 200,PAS DE RESSORTS,4/5,,2,,,"160*200*
24/
160*200*
15",165**35*35 /165*205*20,165,35,35,200,160,15,,,,23,31,,," 2,098.00 € ",20.08,#REF!,69.90,Ensemble Chambourcy 160 X 200
2174,,,Ensemble Chambourcy (2x80) X 200,Matelas   compressé roulé,Chambourcy,ENSEMBLE,,5,,," 2,227.00 € ",3760260155512," 3,760,260,151,934    "," 3,760,260,151,934    ",(2x80)X 200,PAS DE RESSORTS,4/5,,3,,,"160*200*
24/
2*(80*200
*15)",165*35*35 /85*205*20/   85*205*20,165,35,35,200,80,15,200,80,15,23,16,16,," 2,227.00 € ",21.16,#REF!,69.90,Ensemble Chambourcy (2x80) X 200
2175,,,Ensemble Chambourcy (2X90) 180 X 200,Matelas   compressé roulé,Chambourcy,ENSEMBLE,,5,,," 2,467.00 € ",3760260155505," 3,760,260,151,958    "," 3,760,260,151,958    ",(2X90)180 X 200,PAS DE RESSORTS,4/5,,3,,,"180*200*
24 /
2*(90*200
*15)",185**35*35 /95*205*20/   95*205*20,185,35,35,200,90,15,200,90,15,26,17.5,17.5,," 2,467.00 € ",21.16,#REF!,69.90,Ensemble Chambourcy (2X90) 180 X 200
2176,,,Ensemble Chambourcy (2X100) X 200,Matelas   compressé roulé,Chambourcy,ENSEMBLE,,5,,," 2,708.00 € ",3760260155499," 3,760,260,152,016    "," 3,760,260,152,016    ",(2X100) X 200,PAS DE RESSORTS,4/5,,3,,,"200*200*
24 /
2*(100*20
0*15)",205**35*35/ 105*205*20/  105*205*20,205,35,35,200,100,15,200,100,15,28,19.5,19.5,," 2,708.00 € ",21.16,#REF!,69.90,Ensemble Chambourcy (2X100) X 200
2124,,,Matelas   Versailles 80 X 200,Matelas   compressé roulé,Le Versailles,Matelas  ,,5,14,," 1,059.00 € ",3760260155482,,,80 X 200,378,4/5,Matelas   630 ressorts ensaches+ 4CM Ht 26 cm RESSORTS ENSACHES+ 4 CM MEMORY,1,13,14,"80*200*2
5","85*205*3
0",85,35,35,,,,,,,13,,,6," 1,059.00 € ",4.57,#REF!,29.90,Matelas   Versailles 80 X 200
2127,,,Matelas   Versailles 90 X 190,Matelas   compressé roulé,Le Versailles,Matelas  ,,5,16,," 1,129.00 € ",3760260155475,,,90 X 190,409,4/5,Matelas   630 ressorts ensaches+ 4CM Ht 26 cm RESSORTS ENSACHES+ 4 CM MEMORY,1,15,16,"90*190*2
5","95*195*3
0",95,35,35,,,,,,,15,,,4," 1,129.00 € ",4.57,#REF!,29.90,Matelas   Versailles 90 X 190
2128,,,Matelas   Versailles 90 X 200,Matelas   compressé roulé,Le Versailles,Matelas  ,,5,16,," 1,189.00 € ",3760260155468,,,90 X 200,426,4/5,Matelas   630 ressorts ensaches+ 4CM Ht 26 cm RESSORTS ENSACHES+ 4 CM MEMORY,1,15,16,"90*200*2
5","95*205*3
0",95,35,35,,,,,,,15,,,4," 1,189.00 € ",4.57,#REF!,29.90,Matelas   Versailles 90 X 200
2129,,,Matelas   Versailles 140 X 190,Matelas   compressé roulé,Le Versailles,Matelas  ,,5,22,," 1,769.00 € ",3760260155451,,,140 X 190,630,4/5,Matelas   630 ressorts ensaches+ 4CM Ht 26 cm RESSORTS ENSACHES+ 4 CM MEMORY,1,21,22,"140*190*
26","145*195*
30",145,35,35,,,,,,,21,,,16," 1,769.00 € ",9.17,#REF!,33.25,Matelas   Versailles 140 X 190
2130,,,Matelas   Versailles 140 X 200,Matelas   compressé roulé,Le Versailles,Matelas  ,,5,22,," 1,859.00 € ",3760260155444,,,140 X 200,663,4/5,Matelas   630 ressorts ensaches+ 4CM Ht 26 cm RESSORTS ENSACHES+ 4 CM MEMORY,1,21,22,"140*200*
26","145*205*
30",145,35,35,,,,,,,21,,,4," 1,859.00 € ",9.17,#REF!,33.25,Matelas   Versailles 140 X 200
2131,,,Matelas   Versailles 160 X 200,Matelas   compressé roulé,Le Versailles,Matelas  ,,5,24,," 2,129.00 € ",3760260155437,,,160X 200,757,4/5,Matelas   630 ressorts ensaches+ 4CM Ht 26 cm RESSORTS ENSACHES+ 4 CM MEMORY,1,23,24,"160*200*
26","165*205*
30",165,35,35,,,,,,,23,,,15," 2,129.00 € ",12.50,#REF!,33.25,Matelas   Versailles 160 X 200
2132,,,Matelas   Versailles 180 X 200,Matelas   compressé roulé,Le Versailles,Matelas  ,,5,24,," 2,389.00 € ",3760260155420,,,180 X 200,850,4/5,Matelas   630 ressorts ensaches+ 4CM Ht 26 cm RESSORTS ENSACHES+ 4 CM MEMORY,1,26,24,"180*200*
26","185*205*
30",185,35,35,,,,,,,26,,,4," 2,389.00 € ",12.50,#REF!,33.25,Matelas   Versailles 180 X 200
2133,,,Matelas   Versailles 200 X 200,Matelas   compressé roulé,Le Versailles,Matelas  ,,5,29,," 2,459.00 € ",3760260155413,,,200 X 200,945,4/5,Matelas   630 ressorts ensaches+ 4CM Ht 26 cm RESSORTS ENSACHES+ 4 CM MEMORY,1,28,29,"200*200*
26","205*205*
30",205,35,35,,,,,,,28,,,4," 2,459.00 € ",12.50,#REF!,33.25,Matelas   Versailles 200 X 200
2134,,,Ensemble Versailles 80 X 200,Matelas   compressé roulé,Le Versailles,ENSEMBLE,,5,34,," 1,448.00 € ",3760260155482,3760260150142,,80 X 200,343,4/5,Sommier + Matelas  ,2,33,34,"80*200*2
6 /
80*200*1
5","85*205*3
0/85*205
*17",85,35,35,200,80,15,,,,13,20,,4," 1,448.00 € ",8.40,#REF!,59.90,Ensemble Versailles 80 X 200
2135,,,Ensemble Versailles 90 X 190,Matelas   compressé roulé,Le Versailles,ENSEMBLE,,5,36,," 1,528.00 € ",3760260155475,3760260150135,,90 X 190,463,4/5,Sommier + Matelas  ,2,35,36,"90*190*2
6 /
90*190*1
5","95*195*3
0/95*195
*17",95,35,35,190,90,15,,,,15,20,,4," 1,528.00 € ",8.40,#REF!,59.90,Ensemble Versailles 90 X 190
2136,,,Ensemble Versailles 90 X 200,Matelas   compressé roulé,Le Versailles,ENSEMBLE,,5,37,," 1,608.00 € ",3760260155468,3760260150128,,90 X 200,487,4/5,Sommier + Matelas  ,2,36,37,"90*200*2
6 /
90*200*1
5","95*205*3
0/95*205
*17",95,35,35,200,90,15,,,,16,20,,4," 1,608.00 € ",8.40,#REF!,59.90,Ensemble Versailles 90 X 200
2137,,,Ensemble Versailles 140 X 190,Matelas   compressé roulé,Le Versailles,ENSEMBLE,,5,49,," 2,318.00 € ",3760260155451,3760260150104,,140 X 190,720,4/5,Sommier + Matelas  ,2,48,49,"140*190*
26 /
140*190*
15","145*195*
30/145*1
95*17",145,35,35,190,140,15,,,,21,27,,14," 2,318.00 € ",15.08,#REF!,69.90,Ensemble Versailles 140 X 190
2138,,,Ensemble Versailles 140 X 200,Matelas   compressé roulé,Le Versailles,ENSEMBLE,,5,50,," 2,428.00 € ",3760260155444,3760260150098,,140 X 200,757,4/5,Sommier + Matelas  ,2,49,50,"140*200*
26/
140*200*
15","145*205*
30/145*2
05*17",145,35,35,200,140,15,,,,21,28,,6," 2,428.00 € ",15.08,#REF!,69.90,Ensemble Versailles 140 X 200
2139,,,Ensemble Versailles 160 X 200,Matelas   compressé roulé,Le Versailles,ENSEMBLE,,5,58,," 2,778.00 € ",3760260155437,3760260150081,,160X 200,866,4/5,Sommier + Matelas  ,2,58,58,"160*200*
26/
160*200*
15","165*205*
30/165*2
05*17",165,35,35,200,160,15,,,,23,31,,10," 2,778.00 € ",20.08,#REF!,69.90,Ensemble Versailles 160 X 200
2140,,,Ensemble Versailles (2x80) X 200,Matelas   compressé roulé,Le Versailles,ENSEMBLE,,5,64,," 2,907.00 € ",3760260155437,3760260150142,3760260150142,(2x80)X 200,866,4/5,double Sommier + Matelas  ,3,63,64,"160*200*
26/
2*(80*200
*15)","165*205*
30/85*20
5*17/85*
205*17",165,35,35,200,80,15,200,80,15,23,16,16,14," 2,907.00 € ",21.16,#REF!,69.90,Ensemble Versailles (2x80) X 200
2141,,,Ensemble Versailles (2X90) 180 X 200,Matelas   compressé roulé,Le Versailles,ENSEMBLE,,5,68,," 3,227.00 € ",3760260155420,3760260150128,3760260150128,(2X90)180 X 200,1080,4/5,double Sommier + Matelas  ,3,67,68,"180*200*
26 /
2*(90*200
*15)","185*205*
30/95*20
5*17/95*
205*17",185,35,35,200,90,15,200,90,15,26,17.5,17.5,10," 3,227.00 € ",21.16,#REF!,69.90,Ensemble Versailles (2X90) 180 X 200
2142,,,Ensemble Versailles (2X100) X 200,Matelas   compressé roulé,Le Versailles,ENSEMBLE,,5,74,," 3,348.00 € ",3760260155413,3760260150111,3760260150111,(2X100) X 200,1200,4/5,double Sommier + Matelas  ,3,73,74,"200*200*
26/
2*(100*20
0*15)","205*205*
30/105*2
05*17/10
5*205*17",205,35,35,200,100,15,200,100,15,28,19.5,19.5,5," 3,548.00 € ",21.16,#REF!,69.90,Ensemble Versailles (2X100) X 200
2369,,,Matelas   Renaissance 80 X 200,,Le Renaissance,Matelas  ,,5,17,," 1,299.00 € ",3760260155406,,,80 X 200,756,4/5,"Matelas  1600 R.ensaches + 5 CM AVEC PILLO HT
30 cm  RESSORTS ENSACHES+ 5 CM SUR Matelas   MEMORY",1,16,17,"80*200*3
0","85*205*3
5",200,80,32,,,,,,,16,,,8," 1,299.00 € ",4.57,#REF!,29.90,Matelas   Renaissance 80 X 200
2370,,,Matelas   Renaissance 90 X 190,,Le Renaissance,Matelas  ,,5,18,," 1,399.00 € ",3760260155390,,,90 X 190,818,4/5,"Matelas  1600 R.ensaches + 5 CM AVEC PILLO HT
30 cm  RESSORTS ENSACHES+ 5 CM SUR Matelas   MEMORY",1,17,18,"90*190*3
0","95*195*3
5",190,90,32,,,,,,,17,,,4," 1,399.00 € ",4.57,#REF!,29.90,Matelas   Renaissance 90 X 190
2371,,,Matelas   Renaissance 90 X 200,,Le Renaissance,Matelas  ,,5,18,," 1,469.00 € ",3760260155383,,,90 X 200,850,4/5,"Matelas  1600 R.ensaches + 5 CM AVEC PILLO HT
30 cm  RESSORTS ENSACHES+ 5 CM SUR Matelas   MEMORY",1,17,18,"90*200*3
0","95*205*3
5",200,90,32,,,,,,,17,,,4," 1,469.00 € ",4.57,#REF!,29.90,Matelas   Renaissance 90 X 200
2372,,,Matelas   Renaissance 140 X 190,,Le Renaissance,Matelas  ,,5,23,," 2,189.00 € ",3760260155376,,,140 X 190,1240,4/5,"Matelas  1600 R.ensaches + 5 CM AVEC PILLO HT
30 cm  RESSORTS ENSACHES+ 5 CM SUR Matelas   MEMORY",1,22,23,"140*190*
30","145*195*
35",190,140,32,,,,,,,22,,,12," 2,189.00 € ",9.17,#REF!,33.25,Matelas   Renaissance 140 X 190
2373,,,Matelas   Renaissance 140 X 200,,Le Renaissance,Matelas  ,,5,23,," 2,289.00 € ",3760260155369,,,140 X 200,1324,4/5,"Matelas  1600 R.ensaches + 5 CM AVEC PILLO HT
30 cm  RESSORTS ENSACHES+ 5 CM SUR Matelas   MEMORY",1,22,23,"140*200*
30","145*205*
35",200,140,32,,,,,,,22,,,6," 2,289.00 € ",9.17,#REF!,33.25,Matelas   Renaissance 140 X 200
2374,,,Matelas   Renaissance 160 X 200,,Le Renaissance,Matelas  ,,5,24,," 2,429.00 € ",3760260155352,,,160X 200,1514,4/5,"Matelas  1600 R.ensaches + 5 CM AVEC PILLO HT
30 cm  RESSORTS ENSACHES+ 5 CM SUR Matelas   MEMORY",1,26,24,"160*200*
30","165*205*
35",200,160,32,,,,,,,26,,,8," 2,429.00 € ",12.50,#REF!,33.25,Matelas   Renaissance 160 X 200
2375,,,Matelas   Renaissance 180 X 200,,Le Renaissance,Matelas  ,,5,29,," 2,949.00 € ",3760260155345,,,180 X 200,1700,4/5,"Matelas  1600 R.ensaches + 5 CM AVEC PILLO HT
30 cm  RESSORTS ENSACHES+ 5 CM SUR Matelas   MEMORY",1,28,29,"180*200*
30","185*205*
35",200,180,32,,,,,,,28,,,6," 2,949.00 € ",12.50,#REF!,33.25,Matelas   Renaissance 180 X 200
2376,,,Matelas   Renaissance 200 X 200,,Le Renaissance,Matelas  ,,5,36,," 3,289.00 € ",3760260155338,,,200 X 200,1890,4/5,"Matelas  1600 R.ensaches + 5 CM AVEC PILLO HT
30 cm  RESSORTS ENSACHES+ 5 CM SUR Matelas   MEMORY",1,35,36,"200*200*
30","205*205*
35",200,200,32,,,,,,,35,,,6," 3,289.00 € ",12.50,#REF!,33.25,Matelas   Renaissance 200 X 200
2377,,,Ensemble Renaissance 80 X 200,,Le Renaissance,ENSEMBLE,,5,37,," 1,688.00 € ",3760260155406,3760260150142.00,,80 X 200,756,4/5,Sommier + Matelas  ,2,36,37,"80*200*3
0 /
80*200*1
5","85*205*3
5/85*205
*17",200,80,32,200,80,15,,,,16,20,,6," 1,688.00 € ",8.40,#REF!,59.90,Ensemble Renaissance 80 X 200
2378,,,Ensemble Renaissance 90 X 190,,Le Renaissance,ENSEMBLE,,5,39,," 1,798.00 € ",3760260155390,3760260150135,,90 X 190,818,4/5,Sommier + Matelas  ,2,38,39,"90*190*3
0/
90*190*1
5","95*195*3
5/95*195
*17",190,90,32,190,90,15,,,,17,21,,6," 1,798.00 € ",8.40,#REF!,59.90,Ensemble Renaissance 90 X 190
2379,,,Ensemble Renaissance 90 X 200,,Le Renaissance,ENSEMBLE,,5,40,," 1,888.00 € ",3760260155383,3760260150128,,90 X 200,850,4/5,Sommier + Matelas  ,2,39,40,"90*200*3
0/
90*200*1
5","95*205*3
5/95*205
*17",200,90,32,200,90,15,,,,17,22,,8," 1,888.00 € ",8.40,#REF!,59.90,Ensemble Renaissance 90 X 200
2380,,,Ensemble Renaissance 140 X 190,,Le Renaissance,ENSEMBLE,,5,50,," 2,738.00 € ",3760260155376,3760260150104,,140 X 190,1240,4/5,Sommier + Matelas  ,2,49,50,"140*190*
30 /
140*190*
15","145*195*
35/145*1
95*17",190,140,32,190,140,15,,,,22,27,,8," 2,738.00 € ",15.08,#REF!,69.90,Ensemble Renaissance 140 X 190
2381,,,Ensemble Renaissance 140 X 200,,Le Renaissance,ENSEMBLE,,5,51,," 2,858.00 € ",3760260155369,3760260150098,,140 X 200,1324,4/5,Sommier + Matelas  ,2,50,51,"140*200*
30/
140*200*
15","145*205*
35/145*2
05*17",200,140,32,200,140,15,,,,22,28,,4," 2,858.00 € ",15.08,#REF!,69.90,Ensemble Renaissance 140 X 200
2382,,,Ensemble Renaissance 160 X 200,,Le Renaissance,ENSEMBLE,,5,61,," 3,078.00 € ",3760260155352,3760260150081,,160X 200,1514,4/5,Sommier + Matelas  ,2,60,61,"160*200*
30/
160*200*
15","165*205*
35/165*2
05*17",200,160,32,200,160,15,,,,26,31,,10," 3,278.00 € ",20.08,#REF!,69.90,Ensemble Renaissance 160 X 200
2383,,,Ensemble Renaissance(2x80) X 200,,Le Renaissance,ENSEMBLE,,5,66,," 3,207.00 € ",3760260155352,3760260150142,3760260150142,(2x80)X 200,1514,4/5,double Sommier + Matelas  ,3,65,66,"160*200*
30/
2*(80*200
*15)","165*205*
35/85*20
5*17/85*
205*17",200,160,32,200,80,15,200,80,15,26,16,16,16," 3,407.00 € ",21.16,#REF!,69.90,Ensemble Renaissance(2x80) X 200
2384,,,Ensemble Renaissance(2X90) 180 X 200,,Le Renaissance,ENSEMBLE,,5,71,," 3,787.00 € ",3760260155345,3760260150128,3760260150128,(2X90)180 X 200,1700,4/5,double Sommier + Matelas  ,3,70,71,"180*200*
30 /
2*(90*200
*15)","185*205*
35/95*20
5*17/95*
205*17",200,180,32,200,90,15,200,90,15,28,17.5,17.5,10," 3,787.00 € ",21.16,#REF!,69.90,Ensemble Renaissance(2X90) 180 X 200
2385,,,Ensemble Renaissance (2X100) X 200,,Le Renaissance,ENSEMBLE,,5,77,," 4,178.00 € ",3760260155338,3760260150111,3760260150111,(2X100) X 200,1890,4/5,double Sommier + Matelas  ,3,76,77,"200*200*
30/
2*(100*20
0*15)","205*205*
35/105*2
05*17/10
5*205*17",200,200,32,200,100,15,200,100,15,31,19.5,19.5,4," 4,178.00 € ",21.16,#REF!,69.90,Ensemble Renaissance (2X100) X 200
2001,,,sommier 80 X 200,,SOMMIERS HT 15CM AVEC PIEDS 15 CM,SOMMIER,"Sommier Gamme Hôtelière
Hauteur:   15 cm",5,21,, 389.00 € ,3760260150142,,,80 X 200,,,SOMMIERS HT 15CM AVEC PIEDS 15 CM,1,20,21,"80*200*1
5","85*205*1
7",200,80,17,,,,,,,17,,,8, 389.00 € ,3.83,#REF!,29.90 ,sommier 80 X 200
2002,,,sommier 90 X 190,,SOMMIERS HT 15CM AVEC PIEDS 15 CM,SOMMIER,"Sommier Gamme Hôtelière
Hauteur:   15 cm",5,22,, 399.00 € ,3760260150135,,,90 X 190,,,SOMMIERS HT 15CM AVEC PIEDS 15 CM,1,21,22,"90*190*1
5","95*195*1
7",190,90,17,,,,,,,21,,,8, 399.00 € ,3.83,#REF!,29.90 ,sommier 90 X 190
2003,,,sommier 90 X 200,,SOMMIERS HT 15CM AVEC PIEDS 15 CM,SOMMIER,"Sommier Gamme Hôtelière
Hauteur:   15 cm",5,23,, 419.00 € ,3760260150128,,,90 X 200,,,SOMMIERS HT 15CM AVEC PIEDS 15 CM,1,22,23,"90*200*1
5","95*205*1
7",200,90,17,,,,,,,22,,,6, 419.00 € ,3.83,#REF!,29.90 ,sommier 90 X 200
2004,,,sommier 140 X 190,,SOMMIERS HT 15CM AVEC PIEDS 15 CM,SOMMIER,"Sommier Gamme Hôtelière
Hauteur:   15 cm",5,28,, 549.00 € ,3760260150104,,,140 X 190,,,SOMMIERS HT 15CM AVEC PIEDS 15 CM,1,27,28,"140*190*
15","145*195*
17",190,140,17,,,,,,,27,,,6, 549.00 € ,5.91,#REF!,39.90 ,sommier 140 X 190
2005,,,sommier 140 x 200,,SOMMIERS HT 15CM AVEC PIEDS 15 CM,SOMMIER,"Sommier Gamme Hôtelière
Hauteur:   15 cm",5,28,, 569.00 € ,3760260150098,,,140 x 200,,,SOMMIERS HT 15CM AVEC PIEDS 15 CM,1,27,28,140*200*15,145*205*17,200,140,17,,,,,,,29,,,6, 569.00 € ,5.91,#REF!,39.90 ,sommier 140 x 200
2006,,,sommier 160X 200,,SOMMIERS HT 15CM AVEC PIEDS 15 CM,SOMMIER,"Sommier Gamme Hôtelière
Hauteur:   15 cm",5,36,, 649.00 € ,3760260150081,,,160X 200,,,SOMMIERS HT 15CM AVEC PIEDS 15 CM,1,35,36,"160*200*
15)","165*205*
17",200,160,17,,,,,,,31,,,8, 649.00 € ,7.58,#REF!,39.90 ,sommier 160X 200
2007,,,sommier (2x80)X 200,,SOMMIERS HT 15CM AVEC PIEDS 15 CM,SOMMIER,"Sommier Gamme Hôtelière
Hauteur:   15 cm",5,41,, 778.00 € ,3760260150142,3760260150142,,(2x80)X 200,,,SOMMIERS HT 15CM AVEC PIEDS 15 CM,2,40,41,"2*(80*200
*15)","85*205*1
7/85*205
*17",200,80,17,200,80,17,,,,16,16,,6, 778.00 € ,7.66,#REF!,45.00 ,sommier (2x80)X 200
2008,,,sommier (2X90)X 200,,SOMMIERS HT 15CM AVEC PIEDS 15 CM,SOMMIER,"Sommier Gamme Hôtelière
Hauteur:   15 cm",5,42,, 838.00 € ,3760260150128,3760260150128,,(2X90)X 200,,,SOMMIERS HT 15CM AVEC PIEDS 15 CM,2,42,42,"2*(90*200
*15)","95*205*1
7/95*205
*17",200,90,17,200,90,17,,,,18,17.5,,12, 838.00 € ,7.66,#REF!,45.00 ,sommier (2X90)X 200
2009,,,sommier(2 X100) X 200,,SOMMIERS HT 15CM AVEC PIEDS 15 CM,SOMMIER,"Sommier Gamme Hôtelière
Hauteur:   15 cm",5,46,, 889.00 € ,3760260150111,3760260150111,,(2X100) X 200,,,SOMMIERS HT 15CM AVEC PIEDS 15 CM,2,45,46,"2*(100*20
0*15)","105*205*
17/105*2
05*17",200,100,17,200,100,17,,,,20,19.5,,10, 889.00 € ,7.66,#REF!,45.00 ,sommier(2 X100) X 200
REF TOTAL,94,,,,,,,,,,,,,,,,,,,,,,,,,,,,,,,,,,,494,,,,,
